# VS-base,VS-w128,VS-bs16,VS-bs64,VS-dijkstra,VS-direct,VS-lr01,VS-lr03,VS-lr3,VS-neck,VS-nper32,VS-sched,VS-task-cons,VS-templ-cons,VS-withbase,VS-x2,VS-x4,VS-x05
0.3149828,0.3283052,0.3194916,0.2147542,0.2175898,0.2183232,0.2156281,0.2239044,0.2075335,0.2256259,0.3373480,0.2053201,0.1479860,0.2245733,0.3183883,0.2334361,0.2989149,0.2025138
0.2888804,0.3762151,0.3410757,0.2433792,0.3241938,0.3357311,0.2173356,0.2695384,0.3561209,0.2248551,0.3380611,0.3160627,0.1525053,0.1446282,0.3340667,0.3364882,0.3532708,0.2175772
0.2925865,0.3632984,0.3348521,0.3490895,0.3594586,0.3191310,0.3412187,0.3271657,0.3522624,0.3161952,0.3655713,0.2970489,0.1473448,0.2110897,0.3611160,0.3354260,0.3117539,0.3281754
0.3048375,0.3396052,0.3412906,0.3448226,0.3379810,0.3427924,0.3194350,0.3150731,0.3647884,0.3285936,0.3413032,0.2643257,0.1506202,0.2285063,0.3852969,0.3489952,0.3521049,0.3492678
