# VS-base,VS-w128,VS-bs16,VS-bs64,VS-dijkstra,VS-direct,VS-lr01,VS-lr03,VS-lr3,VS-neck,VS-nobase,VS-nper32,VS-sched,VS-task-cons,VS-templ-cons,VS-withbase,VS-x2,VS-x4,VS-x05
0.2587372,0.2294850,0.4207253,0.2332885,0.2396298,0.2249701,0.2290090,0.2346709,0.2434582,0.2375406,0.2397063,0.4631596,0.2298204,0.1379709,0.2477647,0.2356203,0.3818677,0.1090566,0.2266476
0.2448219,0.2351584,0.4621376,0.2198225,0.2312248,0.4454755,0.2205854,0.2528115,0.4261859,0.4716922,0.4425238,0.5087940,0.2721462,0.1373786,0.2445499,0.4392149,0.4823713,0.1085907,0.2470857
0.5046130,0.2387187,0.4991193,0.4650221,0.4749634,0.5100177,0.3018328,0.4726080,0.4942779,0.5258474,0.5089749,0.5354805,0.4899764,0.1759468,0.2335586,0.5150335,0.5035278,0.1078144,0.4130208
0.5301312,0.2564426,0.5394179,0.5012013,0.5156597,0.5416137,0.4803140,0.5167973,0.5309081,0.5349234,0.5265537,0.5213806,0.4861165,0.1916062,0.2375085,0.5223343,0.5460043,0.1055833,0.4956104
